np_tag_id,record_id,table_id,title,description
1,35,0,"Websites",""
2,36,0,"<a href="http://openantz.com">ANTz homepage</a>",""
3,39,0,"<a href="https://github.com/openantz/antz">ANTz Github page</a>",""
4,51,0,"<a href="https://github.com/openantz/antz/wiki/">ANTz WIKI</a>",""
5,52,0,"<a href="https://github.com/openantz/antz/issues/">Issues - bugs & features</a>",""
6,40,0,"<a href="http://openantz.com/docs/doxy/html/">ANTz Doxygen docs</a>",""
7,41,0,"<a href="http://www.edworlds.com/antz/toroids/index.php">Jeff's ANTz Gallery</a>",""
8,46,0,"Click on a node and PRESS 'U' to USE",""
9,47,0,"<a href="antz.exe -f usr/csv/antz0001node.csv -f usr/csv/antz0001tag.csv">ANTz Preset 1</a>",""
10,42,0,"<a href="notepad usr/csv/antzglobals.csv">ANTz Globals Table</a>",""
11,49,0,"<a href="doc/cheatsheet.txt">ANTz Commands - CHEATSHEET</a>",""
12,50,0,"<a href="doc/antz_release_2019-08-25.txt">ANTz 2019-08-25 Release Notes</a>",""
13,45,0,"<a href="notepad usr/csv/antz0001tag.csv">Tag Table</a>",""
