id,type,data,selected,parent_id,branch_level,child_id,child_index,child_count,ch_input_id,ch_output_id,ch_last_updated,average,sample,aux_a_x,aux_a_y,aux_a_z,aux_b_x,aux_b_y,aux_b_z,color_shift,rotate_vec_x,rotate_vec_y,rotate_vec_z,rotate_vec_s,scale_x,scale_y,scale_z,translate_x,translate_y,translate_z,tag_offset_x,tag_offset_y,tag_offset_z,rotate_rate_x,rotate_rate_y,rotate_rate_z,rotate_x,rotate_y,rotate_z,scale_rate_x,scale_rate_y,scale_rate_z,translate_rate_x,translate_rate_y,translate_rate_z,translate_vec_x,translate_vec_y,translate_vec_z,shader,geometry,line_width,point_size,ratio,color_index,color_r,color_g,color_b,color_a,color_fade,texture_id,hide,freeze,topo,facet,auto_zoom_x,auto_zoom_y,auto_zoom_z,trigger_hi_x,trigger_hi_y,trigger_hi_z,trigger_lo_x,trigger_lo_y,trigger_lo_z,set_hi_x,set_hi_y,set_hi_z,set_lo_x,set_lo_y,set_lo_z,proximity_x,proximity_y,proximity_z,proximity_mode_x,proximity_mode_y,proximity_mode_z,segments_x,segments_y,segments_z,tag_mode,format_id,table_id,record_id,size
1,0,1,0,0,0,0,0,0,0,0,0,0,1,0,0,0,0,0,0,0.000000,0.000000,0.000000,1.000000,0.000000,1.000000,1.000000,1.000000,0.000000,0.000000,0.000000,0.000000,0.000000,0.000000,0.000000,0.000000,0.000000,0.000000,0.000000,0.000000,0.000000,0.000000,0.000000,0.000000,0.000000,0.000000,0.000000,0.000000,0.000000,0,0,1.000000,0.000000,0.100000,0,50,101,101,255,0,0,0,0,0,0,0,0,0,0,0,0,0,0,1,0.000000,0.000000,0.000000,0.000000,0.000000,0.000000,0.000000,0.000000,0.000000,0,0,0,16,16,0,0,0,0,0,420
2,1,2,1,0,0,0,2,3,0,0,0,0,1,0,0,0,0,0,0,0.000000,0.000000,0.537148,-0.831518,-0.141597,1.000000,1.000000,1.000000,-47.328331,111.623924,68.560913,0.000000,0.000000,0.000000,0.000000,0.000000,0.000000,81.859711,147.138138,0.000000,0.000000,0.000000,0.000000,0.000000,0.000000,0.000000,0.000000,-0.000000,0.000000,0,0,1.000000,0.000000,0.100000,0,50,101,101,255,0,0,0,0,0,0,0,0,0,0,0,0,0,0,0,0.000000,0.000000,0.000000,0.000000,0.000000,0.000000,129.682388,0.000000,0.000000,0,0,0,16,16,0,0,0,0,0,420
3,1,3,0,2,1,0,0,0,0,0,0,0,1,0,0,0,0,0,0,0.000000,0.000000,0.000000,0.000000,-1.000000,1.000000,1.000000,1.000000,-0.500000,0.000000,571.750000,0.000000,0.000000,0.000000,0.000000,0.000000,0.000000,0.000000,0.000000,0.000000,0.000000,0.000000,0.000000,0.000000,0.000000,0.000000,0.000000,0.000000,0.000000,0,0,1.000000,0.000000,0.100000,0,50,101,101,255,0,0,0,0,0,0,0,0,0,0,0,0,0,0,0,0.000000,0.000000,0.000000,0.000000,0.000000,0.000000,0.000000,0.000000,0.000000,0,0,0,16,16,0,0,0,0,0,420
4,1,4,0,2,1,0,0,0,0,0,0,0,1,0,0,0,0,0,0,0.000000,0.000000,0.000000,1.000000,-0.000000,1.000000,1.000000,1.000000,0.000000,-90.000000,7.000000,0.000000,0.000000,0.000000,0.000000,0.000000,0.000000,90.000000,0.000000,0.000000,0.000000,0.000000,0.000000,0.000000,0.000000,0.000000,0.000000,0.000000,0.000000,0,0,1.000000,0.000000,0.100000,0,50,101,101,255,0,0,0,0,0,0,0,0,0,0,0,0,0,0,0,0.000000,0.000000,0.000000,0.000000,0.000000,0.000000,0.000000,0.000000,0.000000,0,0,0,16,16,0,0,0,0,0,420
5,1,5,0,2,1,0,0,0,0,0,0,0,1,0,0,0,0,0,0,0.000000,0.000000,-1.000000,-0.000000,-0.000000,1.000000,1.000000,1.000000,85.000000,0.000000,7.000000,0.000000,0.000000,0.000000,0.000000,0.000000,0.000000,90.000000,270.000000,0.000000,0.000000,0.000000,0.000000,0.000000,0.000000,0.000000,-0.000000,0.000000,0.000000,0,0,1.000000,0.000000,0.100000,0,50,101,101,255,0,0,0,0,0,0,0,0,0,0,0,0,0,0,0,0.000000,0.000000,0.000000,0.000000,0.000000,0.000000,0.000000,0.000000,0.000000,0,0,0,16,16,0,0,0,0,0,420
6,6,6,1,0,0,0,0,0,0,0,0,0,1,0,0,0,0,0,0,0.000000,0.000000,0.000000,1.000000,0.000000,1.000000,1.000000,1.000000,0.000000,0.000000,0.000000,0.000000,0.000000,0.000000,0.000000,0.000000,0.000000,0.000000,0.000000,0.000000,0.000000,0.000000,0.000000,0.000000,0.000000,0.000000,0.000000,0.000000,0.000000,0,0,1.000000,0.000000,0.100000,3,0,0,255,255,0,0,0,0,0,0,0,0,0,0,0,0,0,0,0,0.000000,0.000000,0.000000,0.000000,0.000000,0.000000,0.000000,0.000000,0.000000,0,0,0,12,6,0,0,0,0,0,420
90,5,90,1,0,0,0,0,1,0,0,0,0,1,0,0,0,0,0,0,0.000000,0.000000,0.000000,1.000000,0.000000,10.039644,10.039644,10.039644,22.330338,3.790712,0.000000,0.000000,0.000000,0.000000,0.000000,0.000000,0.000000,0.000000,0.000000,0.000000,0.000000,0.000000,0.000000,0.000000,0.000000,0.000000,0.000000,0.000000,0.000000,0,16,1.000000,0.000000,0.100000,3,0,0,255,195,0,0,0,0,5,0,0,0,0,0,0,0,0,0,1,0.000000,0.000000,0.000000,0.000000,0.000000,0.000000,0.000000,0.000000,0.000000,0,0,0,16,16,0,2,0,0,35,420
91,5,91,0,90,1,0,12,13,0,0,0,0,1,0,0,0,0,0,0,0.000000,0.000000,0.000000,1.000000,0.000000,1.002179,1.002179,1.002179,-1.457688,0.000000,0.000000,0.000000,1.500000,0.000000,0.000000,0.050000,0.000000,0.000000,171.368286,0.000000,0.000000,0.000000,0.000000,0.000000,0.000000,0.000000,0.000000,0.000000,0.000000,0,7,1.000000,0.000000,0.100000,12,0,152,255,145,0,0,0,0,3,0,0,0,0,0,0,0,0,0,1,0.000000,0.000000,0.000000,0.000000,0.000000,0.000000,0.000000,0.000000,0.000000,0,0,0,16,16,0,2,0,0,36,420
92,5,92,0,91,2,0,0,0,0,0,0,0,1,0,0,0,0,0,0,0.000000,0.000000,0.000000,1.000000,0.000000,1.000000,1.000000,1.000000,-124.799965,17.990021,0.000000,0.000000,0.000000,5.500000,0.000000,0.000000,0.000000,0.000000,0.000000,0.000000,0.000000,0.000000,0.000000,0.000000,0.000000,0.000000,0.000000,0.000000,0.000000,0,16,1.000000,0.000000,0.100000,5,152,0,255,155,0,0,0,0,5,1,0,0,0,0,0,0,0,0,1,0.000000,0.000000,0.000000,0.000000,0.000000,0.000000,0.000000,0.000000,0.000000,0,0,0,16,16,0,2,0,0,37,420
93,5,93,0,91,2,0,0,1,0,0,0,0,1,0,0,0,0,0,0,0.000000,0.000000,0.000000,1.000000,0.000000,1.000000,1.000000,1.000000,161.461090,-10.499948,0.000000,0.000000,0.000000,5.500000,0.000000,0.000000,0.000000,0.000000,0.000000,0.000000,0.000000,0.000000,0.000000,0.000000,0.000000,0.000000,0.000000,0.000000,0.000000,0,16,1.000000,0.000000,0.100000,4,255,255,0,175,0,0,0,0,5,1,0,0,0,0,0,0,0,0,1,0.000000,0.000000,0.000000,0.000000,0.000000,0.000000,0.000000,0.000000,0.000000,0,0,0,16,16,0,2,0,0,38,420
94,5,94,0,93,3,0,0,1,0,0,0,0,1,0,0,0,0,0,0,0.000000,0.000000,1.000000,0.000000,0.000000,0.685000,0.685000,0.685000,-28.129105,0.000000,0.000000,0.000000,1.500000,0.000000,0.000000,0.000000,0.000000,0.000000,53.500000,0.000000,0.000000,0.000000,0.000000,0.000000,0.000000,0.000000,0.000000,0.000000,0.000000,0,7,1.000000,0.000000,0.202000,6,255,168,0,255,0,0,0,0,3,0,0,0,0,0,0,0,0,0,1,0.000000,0.000000,0.000000,0.000000,0.000000,0.000000,0.000000,0.000000,0.000000,0,0,0,16,16,0,2,0,0,62,420
95,5,95,0,91,2,0,0,0,0,0,0,0,1,0,0,0,0,0,0,0.000000,0.000000,0.000000,1.000000,0.000000,1.000000,1.000000,1.000000,-63.659927,24.150000,0.000000,0.000000,0.000000,5.500000,0.000000,0.000000,0.000000,0.000000,0.000000,0.000000,0.000000,0.000000,0.000000,0.000000,0.000000,0.000000,0.000000,0.000000,0.000000,0,16,1.000000,0.000000,0.100000,9,0,153,0,155,0,0,0,0,5,1,0,0,0,0,0,0,0,0,1,0.000000,0.000000,0.000000,0.000000,0.000000,0.000000,0.000000,0.000000,0.000000,0,0,0,16,16,0,2,0,0,39,420
96,5,96,0,91,2,0,0,0,0,0,0,0,1,0,0,0,0,0,0,0.000000,0.000000,0.000000,1.000000,0.000000,1.000000,1.000000,1.000000,-82.439941,31.079996,0.000000,0.000000,0.000000,5.500000,0.000000,0.000000,0.000000,0.000000,0.000000,0.000000,0.000000,0.000000,0.000000,0.000000,0.000000,0.000000,0.000000,0.000000,0.000000,0,16,1.000000,0.000000,0.100000,5,152,0,255,155,0,0,0,0,5,1,0,0,0,0,0,0,0,0,1,0.000000,0.000000,0.000000,0.000000,0.000000,0.000000,0.000000,0.000000,0.000000,0,0,0,16,16,0,2,0,0,40,420
97,5,97,0,91,2,0,4,5,0,0,0,0,1,0,0,0,0,0,0,0.000000,0.000000,0.000000,1.000000,0.000000,1.000000,1.000000,1.000000,-164.679855,41.860020,0.000000,0.000000,0.000000,5.500000,0.000000,0.000000,0.000000,0.000000,0.000000,0.000000,0.000000,0.000000,0.000000,0.000000,0.000000,0.000000,0.000000,0.000000,0.000000,0,16,1.000000,0.000000,0.100000,4,255,255,0,175,0,0,0,0,5,1,0,0,0,0,0,0,0,0,1,0.000000,0.000000,0.000000,0.000000,0.000000,0.000000,0.000000,0.000000,0.000000,0,0,0,16,16,0,1,0,0,41,420
98,5,98,0,97,3,0,0,1,0,0,0,0,1,0,0,0,0,0,0,0.000000,0.000000,1.000000,0.000000,0.000000,0.672298,0.672298,0.672298,-84.098587,0.000000,0.000000,0.000000,1.500000,0.000000,0.000000,0.000000,0.000000,0.000000,12.500000,0.000000,0.000000,0.000000,0.000000,0.000000,0.000000,0.000000,0.000000,0.000000,0.000000,0,7,1.000000,0.000000,0.130000,13,185,255,0,255,0,0,0,0,3,0,0,0,0,0,0,0,0,0,1,0.000000,0.000000,0.000000,0.000000,0.000000,0.000000,0.000000,0.000000,0.000000,0,0,0,16,16,0,2,0,0,57,420
99,5,99,0,98,4,0,0,0,0,0,0,0,1,0,0,0,0,0,0,0.000000,0.000000,1.000000,0.000000,0.000000,1.000000,1.000000,1.000000,-6.258018,23.484961,0.000000,0.000000,0.000000,5.500000,0.000000,0.000000,0.000000,0.000000,0.000000,0.000000,0.000000,0.000000,0.000000,0.000000,0.000000,0.000000,0.000000,0.000000,0.000000,0,16,1.000000,0.000000,0.100000,6,255,168,0,255,0,0,0,0,5,0,0,0,0,0,0,0,0,0,1,0.000000,0.000000,0.000000,0.000000,0.000000,0.000000,0.000000,0.000000,0.000000,0,0,0,16,16,0,2,0,0,78,420
100,5,100,0,97,3,0,0,0,0,0,0,0,1,0,0,0,0,0,0,0.000000,0.000000,1.000000,0.000000,0.000000,0.616066,0.616066,0.616066,-99.098572,0.000000,0.000000,0.000000,1.500000,0.000000,0.000000,0.000000,0.000000,0.000000,208.900070,0.000000,0.000000,0.000000,0.000000,0.000000,0.000000,0.000000,0.000000,0.000000,0.000000,0,7,1.000000,0.000000,0.130000,13,185,255,0,255,0,0,0,0,3,0,0,0,0,0,0,0,0,0,1,0.000000,0.000000,0.000000,0.000000,0.000000,0.000000,0.000000,0.000000,0.000000,0,0,0,16,16,0,1,0,0,58,420
101,5,101,0,97,3,0,0,0,0,0,0,0,1,0,0,0,0,0,0,0.000000,0.000000,1.000000,0.000000,0.000000,0.564137,0.564137,0.564137,-114.294724,0.000000,0.000000,0.000000,1.500000,0.000000,0.000000,0.000000,0.000000,0.000000,311.937714,0.000000,0.000000,0.000000,0.000000,0.000000,0.000000,0.000000,0.000000,0.000000,0.000000,0,7,1.000000,0.000000,0.130000,13,185,255,0,255,0,0,0,0,3,0,0,0,0,0,0,0,0,0,1,0.000000,0.000000,0.000000,0.000000,0.000000,0.000000,0.000000,0.000000,0.000000,0,0,0,16,16,0,2,0,0,59,420
102,5,102,0,97,3,0,0,0,0,0,0,0,1,0,0,0,0,0,0,0.000000,0.000000,1.000000,0.000000,0.000000,0.522375,0.522375,0.522375,-128.849899,0.000000,0.000000,0.000000,1.500000,0.000000,0.000000,0.000000,0.000000,0.000000,238.500000,0.000000,0.000000,0.000000,0.000000,0.000000,0.000000,0.000000,0.000000,0.000000,0.000000,0,7,1.000000,0.000000,0.100000,13,185,255,0,205,0,0,0,0,3,0,0,0,0,0,0,0,0,0,1,0.000000,0.000000,0.000000,0.000000,0.000000,0.000000,0.000000,0.000000,0.000000,0,0,0,16,16,0,2,0,0,61,420
103,5,103,0,97,3,0,0,1,0,0,0,0,1,0,0,0,0,0,0,0.000000,0.000000,1.000000,0.000000,0.000000,0.654279,0.654279,0.654279,4.617683,0.000000,0.000000,0.000000,1.500000,0.000000,0.000000,0.000000,0.000000,0.000000,182.000000,0.000000,0.000000,0.000000,0.000000,0.000000,0.000000,0.000000,0.000000,0.000000,0.000000,0,7,1.000000,0.000000,0.180000,6,255,168,0,235,0,0,0,0,3,0,0,0,0,0,0,0,0,0,1,0.000000,0.000000,0.000000,0.000000,0.000000,0.000000,0.000000,0.000000,0.000000,0,0,0,16,16,0,2,0,0,63,420
104,7,104,0,103,4,94,0,0,0,0,0,0,1,0,0,0,0,0,0,0.000000,0.000000,1.000000,0.000000,0.000000,1.000000,1.000000,1.000000,0.000000,0.000000,0.000000,0.000000,0.000000,0.000000,0.000000,0.000000,0.000000,0.000000,0.000000,0.000000,0.000000,0.000000,0.000000,0.000000,0.000000,0.000000,0.000000,0.000000,0.000000,0,11,1.000000,0.000000,0.350000,6,255,168,0,245,0,0,0,0,7,0,0,0,0,0,0,0,0,0,1,0.000000,0.000000,0.000000,0.000000,0.000000,0.000000,0.000000,0.000000,0.000000,0,0,0,16,16,0,2,0,0,0,420
105,5,105,0,91,2,0,0,0,0,0,0,0,1,0,0,0,0,0,0,0.000000,0.000000,0.000000,1.000000,0.000000,1.000000,1.000000,1.000000,-112.440063,31.079996,0.000000,0.000000,0.000000,5.500000,0.000000,0.000000,0.000000,0.000000,0.000000,0.000000,0.000000,0.000000,0.000000,0.000000,0.000000,0.000000,0.000000,0.000000,0.000000,0,16,1.000000,0.000000,0.100000,9,0,153,0,155,0,0,0,0,5,1,0,0,0,0,0,0,0,0,1,0.000000,0.000000,0.000000,0.000000,0.000000,0.000000,0.000000,0.000000,0.000000,0,0,0,16,16,0,2,0,0,42,420
106,5,106,0,91,2,0,5,6,0,0,0,0,1,0,0,0,0,0,0,0.000000,0.000000,0.000000,1.000000,0.000000,1.000000,1.000000,1.000000,18.369795,48.790001,0.000000,0.000000,1.500000,0.000000,0.000000,0.000000,0.000000,0.000000,0.000000,0.000000,0.000000,0.000000,0.000000,0.000000,0.000000,0.000000,0.000000,0.000000,0.000000,0,19,1.000000,0.000000,0.100000,14,152,0,0,175,0,0,0,0,6,1,0,0,0,0,0,0,0,0,1,0.000000,0.000000,0.000000,0.000000,0.000000,0.000000,0.000000,0.000000,0.000000,0,0,0,16,16,0,1,0,0,43,420
107,5,107,0,106,3,0,0,0,0,0,0,0,1,0,0,0,0,0,0,0.000000,0.000000,1.000000,0.000000,0.000000,1.000000,1.000000,1.000000,-2.301003,0.000000,0.000000,0.000000,1.500000,0.000000,0.000000,0.000000,0.000000,0.000000,0.000000,0.000000,0.000000,0.000000,0.000000,0.000000,0.000000,0.000000,0.000000,0.000000,0.000000,0,7,1.000000,0.000000,0.100000,6,255,168,0,255,0,0,0,0,3,0,0,0,0,0,0,0,0,0,1,0.000000,0.000000,0.000000,0.000000,0.000000,0.000000,0.000000,0.000000,0.000000,0,0,0,16,16,0,2,0,0,65,420
108,5,108,0,106,3,0,0,0,0,0,0,0,1,0,0,0,0,0,0,0.000000,0.000000,1.000000,0.000000,0.000000,1.000000,1.000000,1.000000,-49.162537,0.000000,0.000000,0.000000,1.500000,0.000000,0.000000,0.000000,0.000000,0.000000,0.000000,0.000000,0.000000,0.000000,0.000000,0.000000,0.000000,0.000000,0.000000,0.000000,0.000000,0,7,1.000000,0.000000,0.100000,2,255,0,0,255,0,0,0,0,3,0,0,0,0,0,0,0,0,0,1,0.000000,0.000000,0.000000,0.000000,0.000000,0.000000,0.000000,0.000000,0.000000,0,0,0,16,16,0,1,0,0,66,420
109,5,109,0,106,3,0,0,0,0,0,0,0,1,0,0,0,0,0,0,0.000000,0.000000,1.000000,0.000000,0.000000,1.000000,1.000000,1.000000,-95.376114,0.000000,0.000000,0.000000,1.500000,0.000000,0.000000,0.000000,0.000000,0.000000,0.000000,0.000000,0.000000,0.000000,0.000000,0.000000,0.000000,0.000000,0.000000,0.000000,0.000000,0,7,1.000000,0.000000,0.100000,0,50,101,101,255,0,0,0,0,3,0,0,0,0,0,0,0,0,0,1,0.000000,0.000000,0.000000,0.000000,0.000000,0.000000,0.000000,0.000000,0.000000,0,0,0,16,16,0,2,0,0,67,420
110,5,110,0,106,3,0,0,0,0,0,0,0,1,0,0,0,0,0,0,0.000000,0.000000,1.000000,0.000000,0.000000,1.000000,1.000000,1.000000,-134.440170,0.000000,0.000000,0.000000,1.500000,0.000000,0.000000,0.000000,0.000000,0.000000,0.000000,0.000000,0.000000,0.000000,0.000000,0.000000,0.000000,0.000000,0.000000,0.000000,0.000000,0,7,1.000000,0.000000,0.100000,1,0,255,0,185,0,0,0,0,3,0,0,0,0,0,0,0,0,0,1,0.000000,0.000000,0.000000,0.000000,0.000000,0.000000,0.000000,0.000000,0.000000,0,0,0,16,16,0,2,0,0,75,420
111,5,111,0,106,3,0,0,1,0,0,0,0,1,0,0,0,0,0,0,0.000000,1.000000,0.000000,0.000000,0.000000,1.000000,1.000000,1.000000,-180.000000,0.000000,0.000000,0.000000,1.500000,0.000000,0.000000,0.000000,0.000000,0.000000,0.000000,0.000000,0.000000,0.000000,0.000000,0.000000,0.000000,0.000000,0.000000,0.000000,0.000000,0,7,1.000000,0.000000,0.100000,1,0,255,0,245,0,0,0,0,3,0,0,0,0,0,0,0,0,0,1,0.000000,0.000000,0.000000,0.000000,0.000000,0.000000,0.000000,0.000000,0.000000,0,0,0,16,16,0,1,0,0,97,420
112,7,112,0,111,4,122,0,0,0,0,0,0,1,0,0,0,0,0,0,0.000000,1.000000,0.000000,0.000000,0.000000,1.000000,1.000000,1.000000,0.000000,0.000000,0.000000,0.000000,0.000000,0.000000,0.000000,0.000000,0.000000,0.000000,0.000000,0.000000,0.000000,0.000000,0.000000,0.000000,0.000000,0.000000,0.000000,0.000000,0.000000,0,11,1.000000,0.000000,0.100000,13,185,255,0,255,0,0,0,0,7,0,0,0,0,0,0,0,0,0,1,0.000000,0.000000,0.000000,0.000000,0.000000,0.000000,0.000000,0.000000,0.000000,0,0,0,16,16,0,0,0,0,0,420
113,5,113,0,106,3,0,0,0,0,0,0,0,1,0,0,0,0,0,0,0.000000,1.000000,0.000000,0.000000,0.000000,1.000000,1.000000,1.000000,-75.000000,0.000000,0.000000,0.000000,1.500000,0.000000,0.000000,0.000000,0.000000,0.000000,0.000000,0.000000,0.000000,0.000000,0.000000,0.000000,0.000000,0.000000,0.000000,0.000000,0.000000,0,7,1.000000,0.000000,0.100000,0,50,101,101,255,0,0,0,0,3,0,0,0,0,0,0,0,0,0,1,0.000000,0.000000,0.000000,0.000000,0.000000,0.000000,0.000000,0.000000,0.000000,0,0,0,16,16,0,2,0,0,111,420
114,5,114,0,91,2,0,0,0,0,0,0,0,1,0,0,0,0,0,0,0.000000,0.000000,0.000000,1.000000,0.000000,1.000000,1.000000,1.000000,-92.460358,13.369952,0.000000,0.000000,0.000000,5.500000,0.000000,0.000000,0.000000,0.000000,0.000000,0.000000,0.000000,0.000000,0.000000,0.000000,0.000000,0.000000,0.000000,0.000000,0.000000,0,16,1.000000,0.000000,0.100000,5,152,0,255,155,0,0,0,0,5,1,0,0,0,0,0,0,0,0,1,0.000000,0.000000,0.000000,0.000000,0.000000,0.000000,0.000000,0.000000,0.000000,0,0,0,16,16,0,2,0,0,44,420
115,5,115,0,91,2,0,1,2,0,0,0,0,1,0,0,0,0,0,0,0.000000,0.000000,0.000000,1.000000,0.000000,1.000000,1.000000,1.000000,101.820000,-5.880028,0.000000,0.000000,0.000000,5.500000,0.000000,0.000000,0.000000,0.000000,0.000000,0.000000,0.000000,0.000000,0.000000,0.000000,0.000000,0.000000,0.000000,0.000000,0.000000,0,16,1.000000,0.000000,0.100000,13,185,255,0,135,0,0,0,0,5,1,0,0,0,0,0,0,0,0,1,0.000000,0.000000,0.000000,0.000000,0.000000,0.000000,0.000000,0.000000,0.000000,0,0,0,16,16,0,2,0,0,45,420
116,5,116,0,115,3,0,0,0,0,0,0,0,1,0,0,0,0,0,0,0.000000,0.000000,1.000000,0.000000,0.000000,1.000000,1.000000,1.000000,0.000000,0.000000,0.000000,0.000000,1.500000,0.000000,0.000000,0.000000,0.000000,0.000000,0.000000,0.000000,0.000000,0.000000,0.000000,0.000000,0.000000,0.000000,0.000000,0.000000,0.000000,0,7,1.000000,0.000000,0.100000,6,255,168,0,255,0,0,0,0,3,0,0,0,0,0,0,0,0,0,1,0.000000,0.000000,0.000000,0.000000,0.000000,0.000000,0.000000,0.000000,0.000000,0,0,0,16,16,0,1,0,0,76,420
117,5,117,0,115,3,0,0,1,0,0,0,0,1,0,0,0,0,0,0,0.000000,0.000000,1.000000,0.000000,0.000000,1.000000,1.000000,1.000000,-62.743572,0.000000,0.000000,0.000000,1.500000,0.000000,0.000000,0.000000,0.000000,0.000000,0.000000,0.000000,0.000000,0.000000,0.000000,0.000000,0.000000,0.000000,0.000000,0.000000,0.000000,0,7,1.000000,0.000000,0.100000,6,255,168,0,185,0,0,0,0,3,0,0,0,0,0,0,0,0,0,1,0.000000,0.000000,0.000000,0.000000,0.000000,0.000000,0.000000,0.000000,0.000000,0,0,0,16,16,0,2,0,0,77,420
118,5,118,0,91,2,0,3,4,0,0,0,0,1,0,0,0,0,0,0,0.000000,0.000000,1.000000,0.000000,0.000000,1.000000,1.000000,1.000000,54.521542,-31.569956,0.000000,0.000000,0.000000,5.500000,0.000000,0.000000,0.000000,0.000000,0.000000,0.000000,0.000000,0.000000,0.000000,0.000000,0.000000,0.000000,0.000000,0.000000,0.000000,0,16,1.000000,0.000000,0.100000,15,127,127,127,125,0,0,0,0,5,1,0,0,0,0,0,0,0,0,1,0.000000,0.000000,0.000000,0.000000,0.000000,0.000000,0.000000,0.000000,0.000000,0,0,0,16,16,0,1,0,0,68,420
119,5,119,0,118,3,0,0,0,0,0,0,0,1,0,0,0,0,0,0,0.000000,0.000000,1.000000,0.000000,0.000000,1.000000,1.000000,1.000000,0.000000,0.000000,0.000000,0.000000,1.500000,0.000000,0.000000,0.000000,0.000000,0.000000,0.000000,0.000000,0.000000,0.000000,0.000000,0.000000,0.000000,0.000000,0.000000,0.000000,0.000000,0,7,1.000000,0.000000,0.100000,14,152,0,0,255,0,0,0,0,3,0,0,0,0,0,0,0,0,0,1,0.000000,0.000000,0.000000,0.000000,0.000000,0.000000,0.000000,0.000000,0.000000,0,0,0,16,16,0,1,0,0,69,420
120,5,120,0,118,3,0,0,1,0,0,0,0,1,0,0,0,0,0,0,0.000000,0.000000,1.000000,0.000000,0.000000,1.000000,1.000000,1.000000,-41.534153,0.000000,0.000000,0.000000,1.500000,0.000000,0.000000,0.000000,0.000000,0.000000,0.000000,0.000000,0.000000,0.000000,0.000000,0.000000,0.000000,0.000000,0.000000,0.000000,0.000000,0,7,1.000000,0.000000,0.100000,6,255,168,0,255,0,0,0,0,3,0,0,0,0,0,0,0,0,0,1,0.000000,0.000000,0.000000,0.000000,0.000000,0.000000,0.000000,0.000000,0.000000,0,0,0,16,16,0,1,0,0,93,420
121,7,121,0,120,4,117,0,0,0,0,0,0,1,0,0,0,0,0,0,0.000000,1.000000,0.000000,0.000000,0.000000,1.000000,1.000000,1.000000,0.000000,0.000000,0.000000,0.000000,0.000000,0.000000,0.000000,0.000000,0.000000,0.000000,0.000000,0.000000,0.000000,0.000000,0.000000,0.000000,0.000000,0.000000,0.000000,0.000000,0.000000,0,11,1.000000,0.000000,0.100000,0,50,101,101,255,0,0,0,0,7,0,0,0,0,0,0,0,0,0,1,0.000000,0.000000,0.000000,0.000000,0.000000,0.000000,0.000000,0.000000,0.000000,0,0,0,16,16,0,0,0,0,0,420
122,5,122,0,118,3,0,0,1,0,0,0,0,1,0,0,0,0,0,0,0.000000,0.000000,1.000000,0.000000,0.000000,1.000000,1.000000,1.000000,-110.721054,8.500000,0.000000,0.000000,0.000000,1.000000,0.000000,0.000000,0.000000,0.000000,0.000000,0.000000,0.000000,0.000000,0.000000,0.000000,0.000000,0.000000,0.000000,0.000000,0.000000,0,11,1.000000,0.000000,0.100000,6,255,168,0,255,0,0,0,0,7,0,0,0,0,0,0,0,0,0,1,0.000000,0.000000,0.000000,0.000000,0.000000,0.000000,0.000000,0.000000,0.000000,0,0,0,16,16,0,2,0,0,94,420
123,5,123,0,118,3,0,0,0,0,0,0,0,1,0,0,0,0,0,0,0.000000,0.000000,0.000000,1.000000,0.000000,1.000000,1.000000,1.000000,-60.000000,0.000000,0.000000,0.000000,1.500000,0.000000,0.000000,0.000000,0.000000,0.000000,0.000000,0.000000,0.000000,0.000000,0.000000,0.000000,0.000000,0.000000,0.000000,0.000000,0.000000,0,7,1.000000,0.000000,0.100000,2,255,0,0,255,0,0,0,0,3,0,0,0,0,0,0,0,0,0,1,0.000000,0.000000,0.000000,0.000000,0.000000,0.000000,0.000000,0.000000,0.000000,0,0,0,16,16,0,1,0,0,397,420
124,5,124,0,91,2,0,0,1,0,0,0,0,1,0,0,0,0,0,0,0.000000,0.000000,1.000000,0.000000,0.000000,1.000000,1.000000,1.000000,-34.139912,18.325933,0.000000,0.000000,0.000000,5.500000,0.000000,0.000000,0.000000,0.000000,0.000000,0.000000,0.000000,0.000000,0.000000,0.000000,0.000000,0.000000,0.000000,0.000000,0.000000,0,16,1.000000,0.000000,0.100000,13,185,255,0,195,0,0,0,0,5,1,0,0,0,0,0,0,0,0,1,0.000000,0.000000,0.000000,0.000000,0.000000,0.000000,0.000000,0.000000,0.000000,0,0,0,16,16,0,2,0,0,73,420
125,5,125,0,124,3,0,0,0,0,0,0,0,1,0,0,0,0,0,0,0.000000,0.000000,1.000000,0.000000,0.000000,1.000000,1.000000,1.000000,-60.362873,0.000000,0.000000,0.000000,1.500000,0.000000,0.000000,0.000000,0.000000,0.000000,0.000000,0.000000,0.000000,0.000000,0.000000,0.000000,0.000000,0.000000,0.000000,0.000000,0.000000,0,7,1.000000,0.000000,0.100000,6,255,168,0,125,0,0,0,0,3,0,0,0,0,0,0,0,0,0,1,0.000000,0.000000,0.000000,0.000000,0.000000,0.000000,0.000000,0.000000,0.000000,0,0,0,16,16,0,2,0,0,74,420
126,5,126,0,91,2,0,1,2,0,0,0,0,1,0,0,0,0,0,0,0.000000,1.000000,0.000000,0.000000,0.000000,1.000000,1.000000,1.000000,176.880051,-57.749977,0.000000,0.000000,0.000000,5.500000,0.000000,0.000000,0.000000,0.000000,0.000000,0.000000,0.000000,0.000000,0.000000,0.000000,0.000000,0.000000,0.000000,0.000000,0.000000,0,16,1.000000,0.000000,0.100000,1,0,255,0,255,0,0,0,0,5,0,0,0,0,0,0,0,0,0,1,0.000000,0.000000,0.000000,0.000000,0.000000,0.000000,0.000000,0.000000,0.000000,0,0,0,16,16,0,1,0,0,380,420
127,5,127,0,126,3,0,2,3,0,0,0,0,1,0,0,0,0,0,0,0.000000,1.000000,0.000000,0.000000,0.000000,1.000000,1.000000,1.000000,0.000000,0.000000,0.000000,0.000000,1.500000,0.000000,0.000000,0.000000,0.000000,0.000000,0.000000,0.000000,0.000000,0.000000,0.000000,0.000000,0.000000,0.000000,0.000000,0.000000,0.000000,0,7,1.000000,0.000000,0.100000,0,50,101,101,255,0,0,0,0,3,0,0,0,0,0,0,0,0,0,1,0.000000,0.000000,0.000000,0.000000,0.000000,0.000000,0.000000,0.000000,0.000000,0,0,0,16,16,0,1,0,0,104,420
128,5,128,0,127,4,0,0,0,0,0,0,0,1,0,0,0,0,0,0,0.000000,1.000000,0.000000,0.000000,0.000000,1.000000,1.000000,1.000000,0.000000,0.000000,0.000000,0.000000,1.500000,0.000000,0.000000,0.000000,0.000000,0.000000,0.000000,0.000000,0.000000,0.000000,0.000000,0.000000,0.000000,0.000000,0.000000,0.000000,0.000000,0,7,1.000000,0.000000,0.100000,0,50,101,101,255,0,0,0,0,3,0,0,0,0,0,0,0,0,0,1,0.000000,0.000000,0.000000,0.000000,0.000000,0.000000,0.000000,0.000000,0.000000,0,0,0,16,16,0,1,0,0,105,420
129,5,129,0,127,4,0,0,0,0,0,0,0,1,0,0,0,0,0,0,0.000000,1.000000,0.000000,0.000000,0.000000,1.000000,1.000000,1.000000,-15.000000,0.000000,0.000000,0.000000,1.500000,0.000000,0.000000,0.000000,0.000000,0.000000,0.000000,0.000000,0.000000,0.000000,0.000000,0.000000,0.000000,0.000000,0.000000,0.000000,0.000000,0,7,1.000000,0.000000,0.100000,0,50,101,101,255,0,0,0,0,3,0,0,0,0,0,0,0,0,0,1,0.000000,0.000000,0.000000,0.000000,0.000000,0.000000,0.000000,0.000000,0.000000,0,0,0,16,16,0,1,0,0,106,420
130,5,130,0,127,4,0,0,0,0,0,0,0,1,0,0,0,0,0,0,0.000000,1.000000,0.000000,0.000000,0.000000,1.000000,1.000000,1.000000,-30.000000,0.000000,0.000000,0.000000,1.500000,0.000000,0.000000,0.000000,0.000000,0.000000,0.000000,0.000000,0.000000,0.000000,0.000000,0.000000,0.000000,0.000000,0.000000,0.000000,0.000000,0,7,1.000000,0.000000,0.100000,0,50,101,101,255,0,0,0,0,3,0,0,0,0,0,0,0,0,0,1,0.000000,0.000000,0.000000,0.000000,0.000000,0.000000,0.000000,0.000000,0.000000,0,0,0,16,16,0,1,0,0,107,420
131,5,131,0,126,3,0,1,2,0,0,0,0,1,0,0,0,0,0,0,0.000000,1.000000,0.000000,0.000000,0.000000,1.000000,1.000000,1.000000,-86.100563,0.000000,0.000000,0.000000,1.500000,0.000000,0.000000,0.000000,0.000000,0.000000,0.000000,0.000000,0.000000,0.000000,0.000000,0.000000,0.000000,0.000000,0.000000,0.000000,0.000000,0,7,1.000000,0.000000,0.100000,0,50,101,101,255,0,0,0,0,3,0,0,0,0,0,0,0,0,0,1,0.000000,0.000000,0.000000,0.000000,0.000000,0.000000,0.000000,0.000000,0.000000,0,0,0,16,16,0,1,0,0,108,420
132,5,132,0,131,4,0,0,0,0,0,0,0,1,0,0,0,0,0,0,0.000000,1.000000,0.000000,0.000000,0.000000,1.000000,1.000000,1.000000,0.000000,0.000000,0.000000,0.000000,1.500000,0.000000,0.000000,0.000000,0.000000,0.000000,0.000000,0.000000,0.000000,0.000000,0.000000,0.000000,0.000000,0.000000,0.000000,0.000000,0.000000,0,7,1.000000,0.000000,0.100000,0,50,101,101,255,0,0,0,0,3,0,0,0,0,0,0,0,0,0,1,0.000000,0.000000,0.000000,0.000000,0.000000,0.000000,0.000000,0.000000,0.000000,0,0,0,16,16,0,1,0,0,109,420
133,5,133,0,131,4,0,0,0,0,0,0,0,1,0,0,0,0,0,0,0.000000,1.000000,0.000000,0.000000,0.000000,1.000000,1.000000,1.000000,-15.000000,0.000000,0.000000,0.000000,1.500000,0.000000,0.000000,0.000000,0.000000,0.000000,0.000000,0.000000,0.000000,0.000000,0.000000,0.000000,0.000000,0.000000,0.000000,0.000000,0.000000,0,7,1.000000,0.000000,0.100000,0,50,101,101,255,0,0,0,0,3,0,0,0,0,0,0,0,0,0,1,0.000000,0.000000,0.000000,0.000000,0.000000,0.000000,0.000000,0.000000,0.000000,0,0,0,16,16,0,1,0,0,110,420
134,5,134,0,91,2,0,4,5,0,0,0,0,1,0,0,0,0,0,0,0.000000,1.000000,0.000000,0.000000,0.000000,1.000000,1.000000,1.000000,135.000000,0.000000,0.000000,0.000000,0.000000,5.500000,0.000000,0.000000,0.000000,0.000000,0.000000,0.000000,0.000000,0.000000,0.000000,0.000000,0.000000,0.000000,0.000000,0.000000,0.000000,0,16,1.000000,0.000000,0.100000,7,0,255,255,195,0,0,0,0,5,0,0,0,0,0,0,0,0,0,1,0.000000,0.000000,0.000000,0.000000,0.000000,0.000000,0.000000,0.000000,0.000000,0,0,0,16,16,0,1,0,0,112,420
135,5,135,0,134,3,0,0,0,0,0,0,0,1,0,0,0,0,0,0,0.000000,1.000000,0.000000,0.000000,0.000000,1.000000,1.000000,1.000000,0.000000,0.000000,0.000000,0.000000,1.500000,0.000000,0.000000,0.000000,0.000000,0.000000,0.000000,0.000000,0.000000,0.000000,0.000000,0.000000,0.000000,0.000000,0.000000,0.000000,0.000000,0,7,1.000000,0.000000,0.100000,9,0,153,0,165,0,0,0,0,3,0,0,0,0,0,0,0,0,0,1,0.000000,0.000000,0.000000,0.000000,0.000000,0.000000,0.000000,0.000000,0.000000,0,0,0,16,16,0,2,0,0,113,420
136,5,136,0,134,3,0,0,0,0,0,0,0,1,0,0,0,0,0,0,0.000000,1.000000,0.000000,0.000000,0.000000,1.000000,1.000000,1.000000,-52.132130,0.000000,0.000000,0.000000,1.500000,0.000000,0.000000,0.000000,0.000000,0.000000,0.000000,0.000000,0.000000,0.000000,0.000000,0.000000,0.000000,0.000000,0.000000,0.000000,0.000000,0,7,1.000000,0.000000,0.100000,1,0,255,0,255,0,0,0,0,3,0,0,0,0,0,0,0,0,0,1,0.000000,0.000000,0.000000,0.000000,0.000000,0.000000,0.000000,0.000000,0.000000,0,0,0,16,16,0,2,0,0,114,420
137,5,137,0,134,3,0,0,0,0,0,0,0,1,0,0,0,0,0,0,0.000000,1.000000,0.000000,0.000000,0.000000,1.000000,1.000000,1.000000,-107.857780,0.000000,0.000000,0.000000,1.500000,0.000000,0.000000,0.000000,0.000000,0.000000,0.000000,0.000000,0.000000,0.000000,0.000000,0.000000,0.000000,0.000000,0.000000,0.000000,0.000000,0,7,1.000000,0.000000,0.100000,5,152,0,255,205,0,0,0,0,3,0,0,0,0,0,0,0,0,0,1,0.000000,0.000000,0.000000,0.000000,0.000000,0.000000,0.000000,0.000000,0.000000,0,0,0,16,16,0,2,0,0,115,420
138,5,138,0,134,3,0,0,0,0,0,0,0,1,0,0,0,0,0,0,0.000000,1.000000,0.000000,0.000000,0.000000,0.890000,0.890000,0.890000,-146.813934,0.000000,0.000000,0.000000,1.500000,0.000000,0.000000,0.000000,0.000000,0.000000,0.000000,0.000000,0.000000,0.000000,0.000000,0.000000,0.000000,0.000000,0.000000,0.000000,0.000000,0,7,1.000000,0.000000,0.100000,3,0,0,255,255,0,0,0,0,3,0,0,0,0,0,0,0,0,0,1,0.000000,0.000000,0.000000,0.000000,0.000000,0.000000,0.000000,0.000000,0.000000,0,0,0,16,16,0,2,0,0,116,420
139,5,139,0,134,3,0,0,1,0,0,0,0,1,0,0,0,0,0,0,0.000000,1.000000,0.000000,0.000000,0.000000,1.000000,1.000000,1.000000,-180.000000,0.000000,0.000000,0.000000,1.500000,0.000000,0.000000,0.000000,0.000000,0.000000,0.000000,0.000000,0.000000,0.000000,0.000000,0.000000,0.000000,0.000000,0.000000,0.000000,0.000000,0,7,1.000000,0.000000,0.100000,13,185,255,0,225,0,0,0,0,3,0,0,0,0,0,0,0,0,0,1,0.000000,0.000000,0.000000,0.000000,0.000000,0.000000,0.000000,0.000000,0.000000,0,0,0,16,16,0,1,0,0,117,420
140,5,140,0,139,4,0,0,0,0,0,0,0,1,0,0,0,0,0,0,0.000000,1.000000,0.000000,0.000000,0.000000,1.321256,1.321256,1.321256,-41.999989,24.640017,0.000000,0.000000,0.000000,5.500000,0.000000,0.000000,0.000000,0.000000,0.000000,0.000000,0.000000,0.000000,0.000000,0.000000,0.000000,0.000000,0.000000,0.000000,0.000000,0,16,1.000000,0.000000,0.100000,6,255,168,0,255,0,0,0,0,5,0,0,0,0,0,0,0,0,0,1,0.000000,0.000000,0.000000,0.000000,0.000000,0.000000,0.000000,0.000000,0.000000,0,0,0,16,16,0,2,0,0,118,420
